id,pdb_nombre,fuente,posicion,estado,capacidad,corriente,equipo_refencia
1,PDB1 ,A,1,OCUPADO ,80.0,9.8,Schneider Electric C120N C80A NOKIA 7750 SR-12 clo-cci-7750sr12-01
2,PDB1 ,A,2,OCUPADO ,6.0,9.1,Schneider Electric IC60N C6A NOKIA 7210 SAS-sx clo-cci-s7210-01
3,PDB1,A,3,OCUPADO ,6.0,2.2,Schneider Electric IC60N C6A NOKIA 7210 SAS-sx clo-cci-s7210-02
4,PDB1,A,4,OCUPADO ,16.0,2.2,Schneider Electric IC60N C16A NOKIA 7210 SAS-sx clo-cci-dass-s7210-01
5,PDB1,A,5,OCUPADO ,16.0,2.4,Schneider Electric IC60N C16A NOKIA 7210 SAS-sx clo-cci-dass-s7210-02
6,PDB1,A,6,OCUPADO ,100.0,23.0,Legrand DX³ C100 25kA CMTS 01 IDEO F1 R1 FTE A CTO01 PDB01 FTE A CTO 07
7,PDB1,A,7,OCUPADO ,100.0,16.4,Legrand DX³ C100 25kA CMTS 01 IDEO F1 R1 FTE A CTO02 PDB01 FTE A CTO 92
8,PDB1,A,8,OCUPADO ,10.0,1.1,CHINT NXB-63 C10
9,PDB1,A,9,OCUPADO ,10.0,2.1,Schneider Electric Easy9 MCB C10 (EZ9F56110) - shelf 1
10,PDB1,A,10,OCUPADO ,10.0,1.7,Schneider Electric Easy9 MCB C10 (EZ9F56110) - shelf 2
11,PDB1,A,11,OCUPADO ,10.0,1.1,Schneider Electric Easy9 MCB C10 (EZ9F56110) - shelf 2
12,PDB1,A,12,OCUPADO ,10.0,2.7,Schneider Electric C60H-DC 0 63A – pdu
13,PDB1,A,13,OCUPADO ,63.0,4.1,Nader NDM1A-63 C10
14,PDB1,A,14,OCUPADO ,10.0,2.4,Merlin Gerin Multi9 C60N C10 - Arris 1MHP Max 5000
15,PDB1,A,15,OCUPADO ,10.0,1.7,Merlin Gerin Multi9 C60N C10 - Arris 2MHP Max 5000
16,PDB1,A,16,OCUPADO ,100.0,25.0,Schneider Electric C120N C100A - CMTS 2
17,PDB1,A,17,OCUPADO ,100.0,14.0,Schneider Electric C120N C100A - CMTS 2
18,PDB1,A,18,OCUPADO ,6.0,3.5,Merlin Gerin Multi9 C60N C6
19,PDB1,A,19,OCUPADO ,6.0,3.1,Merlin Gerin Multi9 C60N C6
20,PDB1,A,20,LIBRE,0.0,0.0,SIN ASIGNAR
21,PDB1,A,21,LIBRE,0.0,0.0,SIN ASIGNAR
22,PDB1,B,1,OCUPADO ,80.0,9.8,Schneider Electric IC60N C16A NOKIA 7750 SR-12 clo-cci-7750sr12-01
23,PDB1,B,2,OCUPADO ,6.0,9.1,Schneider Electric IC60N C16A NOKIA 7210 SAS-sx clo-cci-s7210-01
24,PDB1,B,3,OCUPADO ,6.0,2.2,Schneider Electric C60H-DC C16A NOKIA 7210 SAS-sx clo-cci-s7210-02
25,PDB1,B,4,OCUPADO ,16.0,2.2,Schneider Electric C60H-DC C6A NOKIA 7210 SAS-sx clo-cci-dass-s7210-01
26,PDB1,B,5,OCUPADO ,16.0,2.2,Schneider Electric C120N C80A NOKIA 7210 SAS-sx clo-cci-dass-s7210-02 
27,PDB1,B,6,OCUPADO ,100.0,23.0,"Legrand DX³ – Capacidad: C100, 25kA CMTS 01 IDEO F1 R1 FTE B CTO01 PDB01 FTE B CTO 07 - CMTS 1"
28,PDB1,B,7,OCUPADO ,100.0,16.4,"Legrand DX³ – Capacidad: C100, 25kA CMTS 01 IDEO F1 R1 FTE B CTO02 PDB01 FTE B CTO 08: CMTS 1"
29,PDB1,B,8,OCUPADO ,10.0,2.1,Schneider Electric Easy9 MCB – Capacidad: C10 (Referencia: EZ9F56110) - shelf 1 rack2
30,PDB1,B,9,OCUPADO ,10.0,2.1,Schneider Electric Easy9 MCB – Capacidad: C10 (Referencia: EZ9F56110) - shelf 1 rack2 breaker
31,PDB1,B,10,OCUPADO ,10.0,2.1,Schneider Electric C60H-DC – Capacidad: 63ª - shelf 2 rack2 breaker 
32,PDB1,B,11,OCUPADO ,10.0,1.7,Nader NDM1A-63 – Capacidad: C10 - pdu 
33,PDB1,B,12,OCUPADO ,10.0,2.7,Merlin Gerin Multi9 C60N – Capacidad: C10 
34,PDB1,B,13,OCUPADO ,63.0,4.1,Merlin Gerin Multi9 C60N – Capacidad: C10 -
35,PDB1,B,14,OCUPADO ,10.0,5.2,Merlin Gerin Multi9 C60N – Capacidad: C10 
36,PDB1,B,15,OCUPADO ,10.0,,Merlin Gerin Multi9 C60N – Capacidad: C16
37,PDB1,B,16,OCUPADO ,100.0,,Schneider Electric C120N – Capacidad: C100A
38,PDB1,B,17,OCUPADO ,100.0,,Schneider Electric C120N – Capacidad: C100A - arrris shelf4 breaker 16A 
39,PDB1,B,18,OCUPADO ,6.0,3.9,Merlin Gerin Multi9 C60N – Capacidad: C10 - CMTS 2 breaker 100A
40,PDB1,B,19,OCUPADO ,6.0,14.0,Merlin Gerin Multi9 C60N – Capacidad: C10 - CMTS 2 breaker 100A 
41,PDB1,B,20,LIBRE,0.0,14.0,SIN ASIGNAR
42,PDB1,B,21,LIBRE,0.0,0.0,SIN ASIGNAR
43,PDB2,A,1,OCUPADO ,10.0,,"CHINT NXB-63 – Capacidad: C10, Circuito 1"
44,PDB2,A,2,OCUPADO ,10.0,,"CHINT NXB-63 – Capacidad: C10, Circuito 2"
45,PDB2,A,3,OCUPADO ,10.0,,"CHINT NXB-63 – Capacidad: C10, Circuito 3"
46,PDB2,A,4,LIBRE,0.0,0.0,SIN ASIGNAR
47,PDB2,A,5,LIBRE,0.0,0.0,SIN ASIGNAR
48,PDB2,A,6,LIBRE,0.0,0.0,SIN ASIGNAR
49,PDB2,A,7,LIBRE,0.0,0.0,SIN ASIGNAR
50,PDB2,A,8,LIBRE,0.0,0.0,SIN ASIGNAR
51,PDB2,A,9,LIBRE,0.0,0.0,SIN ASIGNAR
52,PDB2,A,10,LIBRE,0.0,0.0,SIN ASIGNAR
53,PDB2,A,11,LIBRE,0.0,0.0,SIN ASIGNAR
54,PDB2,A,12,LIBRE,0.0,0.0,SIN ASIGNAR
55,PDB2,A,13,LIBRE,0.0,0.0,SIN ASIGNAR
56,PDB2,A,14,LIBRE,0.0,0.0,SIN ASIGNAR
57,PDB2,A,15,LIBRE,0.0,0.0,SIN ASIGNAR
58,PDB2,A,16,LIBRE,0.0,0.0,SIN ASIGNAR
59,PDB2,A,17,LIBRE,0.0,0.0,SIN ASIGNAR
60,PDB2,A,18,LIBRE,0.0,0.0,SIN ASIGNAR
61,PDB2,A,19,LIBRE,0.0,0.0,SIN ASIGNAR
62,PDB2,A,20,LIBRE,0.0,0.0,SIN ASIGNAR
63,PDB2,A,21,LIBRE,0.0,0.0,SIN ASIGNAR
64,PDB2,A,22,LIBRE,0.0,0.0,SIN ASIGNAR
65,PDB2,A,23,LIBRE,0.0,0.0,SIN ASIGNAR
66,PDB2,A,24,LIBRE,0.0,0.0,SIN ASIGNAR
67,PDB2,A,25,LIBRE,0.0,0.0,SIN ASIGNAR
68,PDB2,A,26,LIBRE,0.0,0.0,SIN ASIGNAR
69,PDB2,B,1,OCUPADO ,10.0,,"CHINT NXB-63 – Capacidad: C10, Circuito 1 Fuente B"
70,PDB2,B,2,OCUPADO ,10.0,,"CHINT NXB-63 – Capacidad: C10, Circuito 2 Fuente B"
71,PDB2,B,3,OCUPADO ,10.0,,"CHINT NXB-63 – Capacidad: C10, Circuito 3 Fuente B"
72,PDB2,B,4,LIBRE,0.0,0.0,SIN ASIGNAR
73,PDB2,B,5,LIBRE,0.0,0.0,SIN ASIGNAR
74,PDB2,B,6,LIBRE,0.0,0.0,SIN ASIGNAR
75,PDB2,B,7,LIBRE,0.0,0.0,SIN ASIGNAR
76,PDB2,B,8,LIBRE,0.0,0.0,SIN ASIGNAR
77,PDB2,B,9,LIBRE,0.0,0.0,SIN ASIGNAR
78,PDB2,B,10,LIBRE,0.0,0.0,SIN ASIGNAR
79,PDB2,B,11,LIBRE,0.0,0.0,SIN ASIGNAR
80,PDB2,B,12,LIBRE,0.0,0.0,SIN ASIGNAR
81,PDB2,B,13,LIBRE,0.0,0.0,SIN ASIGNAR
82,PDB2,B,14,LIBRE,0.0,0.0,SIN ASIGNAR
83,PDB2,B,15,LIBRE,0.0,0.0,SIN ASIGNAR
84,PDB2,B,16,LIBRE,0.0,0.0,SIN ASIGNAR
85,PDB2,B,17,LIBRE,0.0,0.0,SIN ASIGNAR
86,PDB2,B,18,LIBRE,0.0,0.0,SIN ASIGNAR
87,PDB2,B,19,LIBRE,0.0,0.0,SIN ASIGNAR
88,PDB2,B,20,LIBRE,0.0,0.0,SIN ASIGNAR
89,PDB2,B,21,LIBRE,0.0,0.0,SIN ASIGNAR
90,PDB2,B,22,LIBRE,0.0,0.0,SIN ASIGNAR
91,PDB2,B,23,LIBRE,0.0,0.0,SIN ASIGNAR
92,PDB2,B,24,LIBRE,0.0,0.0,SIN ASIGNAR
93,PDB2,B,25,LIBRE,0.0,0.0,SIN ASIGNAR
94,PDB2,B,26,LIBRE,0.0,0.0,SIN ASIGNAR
